Pond_Label,Temp,TDS,pH,State,raw_images,images
pond_01,29.3,145,9.6,HIGH_PH,raw_photo_001,pond_001
pond_01,29.3,145,9.6,HIGH_PH,raw_photo_001,pond_002
pond_01,29.3,145,9.6,HIGH_PH,raw_photo_001,pond_003
pond_01,29.3,145,9.6,HIGH_PH,raw_photo_001,pond_004
pond_01,29.3,145,9.6,HIGH_PH,raw_photo_001,pond_005
pond_01,29.3,145,9.6,HIGH_PH,raw_photo_001,pond_006
pond_01,29.3,145,9.6,HIGH_PH,raw_photo_001,pond_007
pond_01,29.3,145,9.6,HIGH_PH,raw_photo_001,pond_008
pond_01,29.3,145,9.6,HIGH_PH,raw_photo_001,pond_009
pond_01,29.3,145,9.6,HIGH_PH,raw_photo_001,pond_010
pond_01,29.3,145,9.6,HIGH_PH,raw_photo_002,pond_011
pond_01,29.3,145,9.6,HIGH_PH,raw_photo_002,pond_012
pond_01,29.3,145,9.6,HIGH_PH,raw_photo_002,pond_013
pond_01,29.3,145,9.6,HIGH_PH,raw_photo_002,pond_014
pond_01,29.3,145,9.6,HIGH_PH,raw_photo_002,pond_015
pond_01,29.3,145,9.6,HIGH_PH,raw_photo_002,pond_016
pond_01,29.3,145,9.6,HIGH_PH,raw_photo_002,pond_017
pond_01,29.3,145,9.6,HIGH_PH,raw_photo_002,pond_018
pond_01,29.3,145,9.6,HIGH_PH,raw_photo_002,pond_019
pond_01,29.3,145,9.6,HIGH_PH,raw_photo_002,pond_020
pond_01,29.3,146,9.39,HIGH_PH,raw_photo_003,pond_021
pond_01,29.3,146,9.39,HIGH_PH,raw_photo_003,pond_022
pond_01,29.3,146,9.39,HIGH_PH,raw_photo_003,pond_023
pond_01,29.3,146,9.39,HIGH_PH,raw_photo_003,pond_024
pond_01,29.3,146,9.39,HIGH_PH,raw_photo_003,pond_025
pond_01,29.3,146,9.39,HIGH_PH,raw_photo_003,pond_026
pond_01,29.3,146,9.39,HIGH_PH,raw_photo_003,pond_027
pond_01,29.3,146,9.39,HIGH_PH,raw_photo_003,pond_028
pond_01,29.3,146,9.39,HIGH_PH,raw_photo_003,pond_029
pond_01,29.3,146,9.39,HIGH_PH,raw_photo_003,pond_030
pond_01,29.3,146,9.39,HIGH_PH,raw_photo_004,pond_031
pond_01,29.3,146,9.39,HIGH_PH,raw_photo_004,pond_032
pond_01,29.3,146,9.39,HIGH_PH,raw_photo_004,pond_033
pond_01,29.3,146,9.39,HIGH_PH,raw_photo_004,pond_034
pond_01,29.3,146,9.39,HIGH_PH,raw_photo_004,pond_035
pond_01,29.3,146,9.39,HIGH_PH,raw_photo_004,pond_036
pond_01,29.3,146,9.39,HIGH_PH,raw_photo_004,pond_037
pond_01,29.3,146,9.39,HIGH_PH,raw_photo_004,pond_038
pond_01,29.3,146,9.39,HIGH_PH,raw_photo_004,pond_039
pond_01,29.3,146,9.39,HIGH_PH,raw_photo_004,pond_040
pond_01,29.3,146,9.39,HIGH_PH,raw_photo_005,pond_041
pond_01,29.3,146,9.39,HIGH_PH,raw_photo_005,pond_042
pond_01,29.3,146,9.39,HIGH_PH,raw_photo_005,pond_043
pond_01,29.3,146,9.39,HIGH_PH,raw_photo_005,pond_044
pond_01,29.3,146,9.39,HIGH_PH,raw_photo_005,pond_045
pond_01,29.3,146,9.39,HIGH_PH,raw_photo_005,pond_046
pond_01,29.3,146,9.39,HIGH_PH,raw_photo_005,pond_047
pond_01,29.3,146,9.39,HIGH_PH,raw_photo_005,pond_048
pond_01,29.3,146,9.39,HIGH_PH,raw_photo_005,pond_049
pond_01,29.3,146,9.39,HIGH_PH,raw_photo_005,pond_050
pond_01,29,148,9.18,HIGH_PH,raw_photo_006,pond_051
pond_01,29,148,9.18,HIGH_PH,raw_photo_006,pond_052
pond_01,29,148,9.18,HIGH_PH,raw_photo_006,pond_053
pond_01,29,148,9.18,HIGH_PH,raw_photo_006,pond_054
pond_01,29,148,9.18,HIGH_PH,raw_photo_006,pond_055
pond_01,29,148,9.18,HIGH_PH,raw_photo_006,pond_056
pond_01,29,148,9.18,HIGH_PH,raw_photo_006,pond_057
pond_01,29,148,9.18,HIGH_PH,raw_photo_006,pond_058
pond_01,29,148,9.18,HIGH_PH,raw_photo_006,pond_059
pond_01,29,148,9.18,HIGH_PH,raw_photo_006,pond_060
pond_01,33,148,9.18,HIGH_PH; HIGH_TEMP,raw_photo_007,pond_061
pond_01,33,148,9.18,HIGH_PH; HIGH_TEMP,raw_photo_007,pond_062
pond_01,33,148,9.18,HIGH_PH; HIGH_TEMP,raw_photo_007,pond_063
pond_01,33,148,9.18,HIGH_PH; HIGH_TEMP,raw_photo_007,pond_064
pond_01,33,148,9.18,HIGH_PH; HIGH_TEMP,raw_photo_007,pond_065
pond_01,29.3,146,9.39,HIGH_PH,raw_photo_007,pond_066
pond_01,29,148,9.18,HIGH_PH,raw_photo_007,pond_067
pond_01,29,148,9.18,HIGH_PH,raw_photo_007,pond_068
pond_01,29,148,9.18,HIGH_PH,raw_photo_007,pond_069
pond_01,29,148,9.18,HIGH_PH,raw_photo_007,pond_070
pond_01,33,148,9.18,HIGH_PH; HIGH_TEMP,raw_photo_008,pond_071
pond_01,29.3,146,9.39,HIGH_PH,raw_photo_008,pond_072
pond_01,29,148,9.18,HIGH_PH,raw_photo_008,pond_073
pond_01,29,148,9.18,HIGH_PH,raw_photo_008,pond_074
pond_01,29,148,9.18,HIGH_PH,raw_photo_008,pond_075
pond_01,33,148,9.18,HIGH_PH,raw_photo_008,pond_076
pond_01,33,148,9.18,HIGH_PH,raw_photo_008,pond_077
pond_01,29,148,9.18,HIGH_PH,raw_photo_008,pond_078
pond_01,29,148,9.18,HIGH_PH,raw_photo_008,pond_079
pond_01,33,148,9.18,HIGH_PH; HIGH_TEMP,raw_photo_008,pond_080
pond_01,29.3,146,9.39,HIGH_PH,raw_photo_009,pond_081
pond_01,29.3,146,9.39,HIGH_PH,raw_photo_009,pond_082
pond_01,29,148,9.18,HIGH_PH,raw_photo_009,pond_083
pond_01,29,148,9.18,HIGH_PH,raw_photo_009,pond_084
pond_01,29,148,9.18,HIGH_PH,raw_photo_009,pond_085
pond_01,33,148,9.18,HIGH_PH; HIGH_TEMP,raw_photo_009,pond_086
pond_01,33,148,9.18,HIGH_PH; HIGH_TEMP,raw_photo_009,pond_087
pond_01,33,148,9.18,HIGH_PH; HIGH_TEMP,raw_photo_009,pond_088
pond_01,33,148,9.18,HIGH_PH; HIGH_TEMP,raw_photo_009,pond_089
pond_01,33,148,9.18,HIGH_PH; HIGH_TEMP,raw_photo_009,pond_090
pond_01,29.3,146,9.39,HIGH_PH,raw_photo_010,pond_091
pond_01,29.3,146,9.39,HIGH_PH,raw_photo_010,pond_092
pond_01,29,148,9.18,HIGH_PH,raw_photo_010,pond_093
pond_01,29,148,9.18,HIGH_PH,raw_photo_010,pond_094
pond_01,33,148,9.18,HIGH_PH; HIGH_TEMP,raw_photo_010,pond_095
pond_01,33,148,9.18,HIGH_PH; HIGH_TEMP,raw_photo_010,pond_096
pond_01,33,148,9.18,HIGH_PH; HIGH_TEMP,raw_photo_010,pond_097
pond_01,33,148,9.18,HIGH_PH; HIGH_TEMP,raw_photo_010,pond_098
pond_01,33,148,9.18,HIGH_PH; HIGH_TEMP,raw_photo_010,pond_099
pond_01,33,148,9.18,HIGH_PH; HIGH_TEMP,raw_photo_010,pond_100
pond_01,29.3,145,9.6,HIGH_PH,raw_photo_011,pond_101
pond_01,29.3,145,9.6,HIGH_PH,raw_photo_011,pond_102
pond_01,29.3,145,9.6,HIGH_PH,raw_photo_011,pond_103
pond_01,29.3,145,9.6,HIGH_PH,raw_photo_011,pond_104
pond_01,28.7,146,8.96,OPTIMUM,raw_photo_011,pond_105
pond_01,28.7,146,8.96,OPTIMUM,raw_photo_011,pond_106
pond_01,29.3,146,9.39,HIGH_PH,raw_photo_011,pond_107
pond_01,29.3,146,9.39,HIGH_PH,raw_photo_011,pond_108
pond_01,28.7,146,8.96,OPTIMUM,raw_photo_011,pond_109
pond_01,28.7,146,8.96,OPTIMUM,raw_photo_011,pond_110
pond_01,28.7,146,8.96,OPTIMUM,raw_photo_012,pond_111
pond_01,28.7,146,8.96,OPTIMUM,raw_photo_012,pond_112
pond_01,28.7,146,8.96,OPTIMUM,raw_photo_012,pond_113
pond_01,28.7,146,8.96,OPTIMUM,raw_photo_012,pond_114
pond_01,28.7,146,8.96,OPTIMUM,raw_photo_012,pond_115
pond_01,28.7,146,8.96,OPTIMUM,raw_photo_012,pond_116
pond_01,28.7,146,8.96,OPTIMUM,raw_photo_012,pond_117
pond_01,28.7,146,8.96,OPTIMUM,raw_photo_012,pond_118
pond_01,28.7,146,8.96,OPTIMUM,raw_photo_012,pond_119
pond_01,28.7,146,8.96,OPTIMUM,raw_photo_012,pond_120
pond_01,28.7,146,8.96,OPTIMUM,raw_photo_013,pond_121
pond_01,28.7,146,8.96,OPTIMUM,raw_photo_013,pond_122
pond_01,29.3,145,9.6,HIGH_PH,raw_photo_013,pond_123
pond_01,29.3,145,9.6,HIGH_PH,raw_photo_013,pond_124
pond_01,28.7,146,8.96,OPTIMUM,raw_photo_013,pond_125
pond_01,28.7,146,8.96,OPTIMUM,raw_photo_013,pond_126
pond_01,29.3,146,9.39,HIGH_PH,raw_photo_013,pond_127
pond_01,28.7,146,8.96,OPTIMUM,raw_photo_013,pond_128
pond_01,28.7,146,8.96,OPTIMUM,raw_photo_013,pond_129
pond_01,28.7,146,8.96,OPTIMUM,raw_photo_013,pond_130
pond_01,29.3,146,9.39,HIGH_PH,raw_photo_014,pond_131
pond_01,29.3,146,9.39,HIGH_PH,raw_photo_014,pond_132
pond_01,28.7,146,8.96,OPTIMUM,raw_photo_014,pond_133
pond_01,28.7,146,8.96,OPTIMUM,raw_photo_014,pond_134
pond_01,28.7,146,8.96,OPTIMUM,raw_photo_014,pond_135
pond_01,29.3,145,9.6,HIGH_PH,raw_photo_014,pond_136
pond_01,29.3,145,9.6,HIGH_PH,raw_photo_014,pond_137
pond_01,29.3,145,9.6,HIGH_PH,raw_photo_014,pond_138
pond_01,29.3,145,9.6,HIGH_PH,raw_photo_014,pond_139
pond_01,29.3,145,9.6,HIGH_PH,raw_photo_014,pond_140
pond_01,33,148,9.18,HIGH_PH; HIGH_TEMP,raw_photo_015,pond_141
pond_01,33,148,9.18,HIGH_PH; HIGH_TEMP,raw_photo_015,pond_142
pond_01,29.3,146,9.39,HIGH_PH,raw_photo_015,pond_143
pond_01,28.7,146,8.96,OPTIMUM,raw_photo_015,pond_144
pond_01,28.7,146,8.96,OPTIMUM,raw_photo_015,pond_145
pond_01,29.3,145,9.6,HIGH_PH,raw_photo_015,pond_146
pond_01,29.3,145,9.6,HIGH_PH,raw_photo_015,pond_147
pond_01,29.3,146,9.39,HIGH_PH,raw_photo_015,pond_148
pond_01,29.3,145,9.6,HIGH_PH,raw_photo_015,pond_149
pond_01,29.3,146,9.39,HIGH_PH,raw_photo_015,pond_150
pond_01,33,148,9.18,HIGH_PH; HIGH_TEMP,raw_photo_016,pond_151
pond_01,33,148,9.18,HIGH_PH; HIGH_TEMP,raw_photo_016,pond_152
pond_01,29.3,146,9.39,HIGH_PH,raw_photo_016,pond_153
pond_01,29.3,146,9.39,HIGH_PH,raw_photo_016,pond_154
pond_01,33,148,9.18,HIGH_PH; HIGH_TEMP,raw_photo_016,pond_155
pond_01,29,148,9.18,HIGH_PH,raw_photo_016,pond_156
pond_01,33,148,9.18,HIGH_PH; HIGH_TEMP,raw_photo_016,pond_157
pond_01,33,148,9.18,HIGH_PH; HIGH_TEMP,raw_photo_016,pond_158
pond_01,29,148,9.18,HIGH_PH,raw_photo_016,pond_159
pond_01,33,148,9.18,HIGH_PH; HIGH_TEMP,raw_photo_016,pond_160
pond_01,33,148,9.18,HIGH_PH; HIGH_TEMP,raw_photo_017,pond_161
pond_01,33,148,9.18,HIGH_PH; HIGH_TEMP,raw_photo_017,pond_162
pond_01,33,148,9.18,HIGH_PH; HIGH_TEMP,raw_photo_017,pond_163
pond_01,33,148,9.18,HIGH_PH; HIGH_TEMP,raw_photo_017,pond_164
pond_01,29.3,146,9.39,HIGH_PH,raw_photo_017,pond_165
pond_01,29,148,9.18,HIGH_PH,raw_photo_017,pond_166
pond_01,29,148,9.18,HIGH_PH,raw_photo_017,pond_167
pond_01,33,148,9.18,HIGH_PH; HIGH_TEMP,raw_photo_017,pond_168
pond_01,33,148,9.18,HIGH_PH; HIGH_TEMP,raw_photo_017,pond_169
pond_01,33,148,9.18,HIGH_PH; HIGH_TEMP,raw_photo_017,pond_170
pond_01,28.7,146,8.96,OPTIMUM,raw_photo_018,pond_171
pond_01,33,148,9.18,HIGH_PH; HIGH_TEMP,raw_photo_018,pond_172
pond_01,29,148,9.18,HIGH_PH,raw_photo_018,pond_173
pond_01,29.3,146,9.39,HIGH_PH,raw_photo_018,pond_174
pond_01,29.3,145,9.6,HIGH_PH,raw_photo_018,pond_175
pond_01,33,148,9.18,HIGH_PH; HIGH_TEMP,raw_photo_018,pond_176
pond_01,28.7,146,8.96,OPTIMUM,raw_photo_018,pond_177
pond_01,29.3,146,9.39,HIGH_PH,raw_photo_018,pond_178
pond_01,29,148,9.18,HIGH_PH,raw_photo_018,pond_179
pond_01,29,148,9.18,HIGH_PH,raw_photo_018,pond_180
pond_01,28.7,146,8.96,OPTIMUM,raw_photo_019,pond_181
pond_01,29.3,145,9.6,HIGH_PH,raw_photo_019,pond_182
pond_01,33,148,9.18,HIGH_PH; HIGH_TEMP,raw_photo_019,pond_183
pond_01,28.7,146,8.96,OPTIMUM,raw_photo_019,pond_184
pond_01,29.3,145,9.6,HIGH_PH,raw_photo_019,pond_185
pond_01,29,148,9.18,HIGH_PH,raw_photo_019,pond_186
pond_01,29.3,146,9.39,HIGH_PH,raw_photo_019,pond_187
pond_01,29.3,146,9.39,HIGH_PH,raw_photo_019,pond_188
pond_01,28.7,146,8.96,OPTIMUM,raw_photo_019,pond_189
pond_01,28.7,146,8.96,OPTIMUM,raw_photo_019,pond_190
pond_01,28.7,146,8.96,OPTIMUM,raw_photo_020,pond_191
pond_01,29.3,145,9.6,HIGH_PH,raw_photo_020,pond_192
pond_01,29.3,145,9.6,HIGH_PH,raw_photo_020,pond_193
pond_01,29.3,145,9.6,HIGH_PH,raw_photo_020,pond_194
pond_01,33,148,9.18,HIGH_PH; HIGH_TEMP,raw_photo_020,pond_195
pond_01,33,148,9.18,HIGH_PH; HIGH_TEMP,raw_photo_020,pond_196
pond_01,29.3,146,9.39,HIGH_PH,raw_photo_020,pond_197
pond_01,29,148,9.18,HIGH_PH,raw_photo_020,pond_198
pond_01,33,148,9.18,HIGH_PH; HIGH_TEMP,raw_photo_020,pond_199
pond_01,28.7,146,8.96,OPTIMUM,raw_photo_020,pond_200
pond_02,26.9,146,8.12,LOW_TEMP,raw_photo_021,pond_201
pond_02,26.9,146,8.12,LOW_TEMP,raw_photo_021,pond_202
pond_02,26.9,146,8.12,LOW_TEMP,raw_photo_021,pond_203
pond_02,26.9,148,8.23,LOW_TEMP,raw_photo_021,pond_204
pond_02,26.9,146,8.12,LOW_TEMP,raw_photo_021,pond_205
pond_02,26.9,146,8.12,LOW_TEMP,raw_photo_022,pond_206
pond_02,26.9,146,8.12,LOW_TEMP,raw_photo_022,pond_207
pond_02,26.9,146,8.12,LOW_TEMP,raw_photo_022,pond_208
pond_02,26.9,148,8.23,LOW_TEMP,raw_photo_022,pond_209
pond_02,26.9,146,8.12,LOW_TEMP,raw_photo_022,pond_210
pond_03,28.2,145,8.65,OPTIMUM,raw_photo_023,pond_211
pond_03,28.3,146,8.86,OPTIMUM,raw_photo_023,pond_212
pond_03,28.2,145,8.65,OPTIMUM,raw_photo_023,pond_213
pond_03,28.2,145,8.65,OPTIMUM,raw_photo_023,pond_214
pond_03,28.2,145,8.65,OPTIMUM,raw_photo_023,pond_215
pond_03,28.2,145,8.65,OPTIMUM,raw_photo_024,pond_216
pond_03,28.3,146,8.86,OPTIMUM,raw_photo_024,pond_217
pond_03,28.3,146,8.86,OPTIMUM,raw_photo_024,pond_218
pond_03,28.2,145,8.65,OPTIMUM,raw_photo_024,pond_219
pond_03,28.2,145,8.65,OPTIMUM,raw_photo_024,pond_220
pond_04,30,219,8.65,OPTIMUM,raw_photo_025,pond_221
pond_04,30,219,8.65,OPTIMUM,raw_photo_025,pond_222
pond_04,30.5,220,8.96,OPTIMUM,raw_photo_025,pond_223
pond_04,30.5,220,8.96,OPTIMUM,raw_photo_025,pond_224
pond_04,30.2,219,8.86,OPTIMUM,raw_photo_025,pond_225
pond_04,30.1,218,8.75,OPTIMUM,raw_photo_025,pond_226
pond_04,30,219,8.65,OPTIMUM,raw_photo_025,pond_227
pond_04,30,219,8.65,OPTIMUM,raw_photo_025,pond_228
pond_04,30,219,8.65,OPTIMUM,raw_photo_025,pond_229
pond_04,30,219,8.65,OPTIMUM,raw_photo_025,pond_230
pond_04,30.5,220,8.96,OPTIMUM,raw_photo_026,pond_231
pond_04,30.5,220,8.96,OPTIMUM,raw_photo_026,pond_232
pond_04,30.2,219,8.86,OPTIMUM,raw_photo_026,pond_233
pond_04,30.1,218,8.75,OPTIMUM,raw_photo_026,pond_234
pond_04,30,219,8.65,OPTIMUM,raw_photo_026,pond_235
pond_04,30,219,8.65,OPTIMUM,raw_photo_026,pond_236
pond_04,30,219,8.65,OPTIMUM,raw_photo_026,pond_237
pond_04,30,219,8.65,OPTIMUM,raw_photo_026,pond_238
pond_04,30.5,220,8.96,OPTIMUM,raw_photo_026,pond_239
pond_04,30.5,220,8.96,OPTIMUM,raw_photo_026,pond_240
pond_04,30,219,8.65,OPTIMUM,raw_photo_027,pond_241
pond_04,30,219,8.65,OPTIMUM,raw_photo_027,pond_242
pond_04,30.2,219,8.86,OPTIMUM,raw_photo_027,pond_243
pond_04,30.5,220,8.96,OPTIMUM,raw_photo_027,pond_244
pond_04,30.5,220,8.96,OPTIMUM,raw_photo_027,pond_245
pond_04,30.5,220,8.96,OPTIMUM,raw_photo_027,pond_246
pond_04,30,219,8.65,OPTIMUM,raw_photo_027,pond_247
pond_04,30,219,8.65,OPTIMUM,raw_photo_027,pond_248
pond_04,30,219,8.65,OPTIMUM,raw_photo_027,pond_249
pond_04,30.2,219,8.86,OPTIMUM,raw_photo_027,pond_250
pond_04,30.5,220,8.96,OPTIMUM,raw_photo_028,pond_251
pond_04,30.2,219,8.86,OPTIMUM,raw_photo_028,pond_252
pond_04,30.1,218,8.75,OPTIMUM,raw_photo_028,pond_253
pond_04,30.2,219,8.86,OPTIMUM,raw_photo_028,pond_254
pond_04,30,219,8.65,OPTIMUM,raw_photo_028,pond_255
pond_04,30,219,8.65,OPTIMUM,raw_photo_028,pond_256
pond_04,30.5,220,8.96,OPTIMUM,raw_photo_028,pond_257
pond_04,30.5,220,8.96,OPTIMUM,raw_photo_028,pond_258
pond_04,30.1,218,8.75,OPTIMUM,raw_photo_028,pond_259
pond_04,30,219,8.65,OPTIMUM,raw_photo_028,pond_260
pond_04,30.5,220,8.96,OPTIMUM,raw_photo_029,pond_261
pond_04,30,219,8.65,OPTIMUM,raw_photo_029,pond_262
pond_04,30.5,220,8.96,OPTIMUM,raw_photo_029,pond_263
pond_04,30.1,218,8.75,OPTIMUM,raw_photo_029,pond_264
pond_04,30.1,218,8.75,OPTIMUM,raw_photo_029,pond_265
pond_04,30.1,218,8.75,OPTIMUM,raw_photo_029,pond_266
pond_04,30.2,219,8.86,OPTIMUM,raw_photo_029,pond_267
pond_04,30.1,218,8.75,OPTIMUM,raw_photo_029,pond_268
pond_04,30.5,220,8.96,OPTIMUM,raw_photo_029,pond_269
pond_04,30.1,218,8.75,OPTIMUM,raw_photo_029,pond_270
pond_04,30.5,220,8.96,OPTIMUM,raw_photo_030,pond_271
pond_04,30.1,218,8.75,OPTIMUM,raw_photo_030,pond_272
pond_04,30.1,218,8.75,OPTIMUM,raw_photo_030,pond_273
pond_04,30,219,8.65,OPTIMUM,raw_photo_030,pond_274
pond_04,30,219,8.65,OPTIMUM,raw_photo_030,pond_275
pond_04,30.5,220,8.96,OPTIMUM,raw_photo_030,pond_276
pond_04,30.1,218,8.75,OPTIMUM,raw_photo_030,pond_277
pond_04,30.5,220,8.96,OPTIMUM,raw_photo_030,pond_278
pond_04,30.1,218,8.75,OPTIMUM,raw_photo_030,pond_279
pond_04,30.1,218,8.75,OPTIMUM,raw_photo_030,pond_280
pond_04,30,219,8.65,OPTIMUM,raw_photo_031,pond_281
pond_04,30.1,218,8.75,OPTIMUM,raw_photo_031,pond_282
pond_04,30.2,219,8.86,OPTIMUM,raw_photo_031,pond_283
pond_04,30.5,220,8.96,OPTIMUM,raw_photo_031,pond_284
pond_04,30.5,220,8.96,OPTIMUM,raw_photo_031,pond_285
pond_04,30,219,8.65,OPTIMUM,raw_photo_031,pond_286
pond_04,30,219,8.65,OPTIMUM,raw_photo_031,pond_287
pond_04,30.2,219,8.86,OPTIMUM,raw_photo_031,pond_288
pond_04,30.1,218,8.75,OPTIMUM,raw_photo_031,pond_289
pond_04,30,219,8.65,OPTIMUM,raw_photo_031,pond_290
pond_04,30.2,219,8.86,OPTIMUM,raw_photo_032,pond_291
pond_04,30,219,8.65,OPTIMUM,raw_photo_032,pond_292
pond_04,30.2,219,8.86,OPTIMUM,raw_photo_032,pond_293
pond_04,30.5,220,8.96,OPTIMUM,raw_photo_032,pond_294
pond_04,30.5,220,8.96,OPTIMUM,raw_photo_032,pond_295
pond_04,30.5,220,8.96,OPTIMUM,raw_photo_032,pond_296
pond_04,30,219,8.65,OPTIMUM,raw_photo_032,pond_297
pond_04,30,219,8.65,OPTIMUM,raw_photo_032,pond_298
pond_04,30,219,8.65,OPTIMUM,raw_photo_032,pond_299
pond_04,30,219,8.65,OPTIMUM,raw_photo_032,pond_300
pond_04,30.1,218,8.75,OPTIMUM,raw_photo_033,pond_301
pond_04,30,219,8.65,OPTIMUM,raw_photo_033,pond_302
pond_04,30,219,8.65,OPTIMUM,raw_photo_033,pond_303
pond_04,30.2,219,8.86,OPTIMUM,raw_photo_033,pond_304
pond_04,30,219,8.65,OPTIMUM,raw_photo_033,pond_305
pond_04,30.5,220,8.96,OPTIMUM,raw_photo_033,pond_306
pond_04,30.5,220,8.96,OPTIMUM,raw_photo_033,pond_307
pond_04,30.5,220,8.96,OPTIMUM,raw_photo_033,pond_308
pond_04,30.5,220,8.96,OPTIMUM,raw_photo_033,pond_309
pond_04,30.5,220,8.96,OPTIMUM,raw_photo_033,pond_310
pond_04,30.1,218,8.75,OPTIMUM,raw_photo_034,pond_311
pond_04,30,219,8.65,OPTIMUM,raw_photo_034,pond_312
pond_04,30,219,8.65,OPTIMUM,raw_photo_034,pond_313
pond_04,30,219,8.65,OPTIMUM,raw_photo_034,pond_314
pond_04,30.2,219,8.86,OPTIMUM,raw_photo_034,pond_315
pond_04,30.5,220,8.96,OPTIMUM,raw_photo_034,pond_316
pond_04,30.5,220,8.96,OPTIMUM,raw_photo_034,pond_317
pond_04,30,219,8.65,OPTIMUM,raw_photo_034,pond_318
pond_04,30,219,8.65,OPTIMUM,raw_photo_034,pond_319
pond_04,30,219,8.65,OPTIMUM,raw_photo_034,pond_320
pond_05,27,268,9.36,LOW_TEMP;HIGH_PH,raw_photo_035,pond_321
pond_05,27,268,9.36,LOW_TEMP;HIGH_PH,raw_photo_035,pond_322
pond_05,27,268,9.36,LOW_TEMP;HIGH_PH,raw_photo_035,pond_323
pond_05,27,268,9.36,LOW_TEMP;HIGH_PH,raw_photo_035,pond_324
pond_05,27,268,9.36,LOW_TEMP;HIGH_PH,raw_photo_035,pond_325
pond_05,27,268,9.36,LOW_TEMP;HIGH_PH,raw_photo_035,pond_326
pond_05,27,268,9.36,LOW_TEMP;HIGH_PH,raw_photo_035,pond_327
pond_05,27,268,9.36,LOW_TEMP;HIGH_PH,raw_photo_035,pond_328
pond_05,27,268,9.36,LOW_TEMP;HIGH_PH,raw_photo_035,pond_329
pond_05,27,268,9.36,LOW_TEMP;HIGH_PH,raw_photo_035,pond_330
pond_05,27,268,9.36,LOW_TEMP;HIGH_PH,raw_photo_035,pond_331
pond_05,27,268,9.36,LOW_TEMP;HIGH_PH,raw_photo_035,pond_332
pond_05,27,268,9.36,LOW_TEMP;HIGH_PH,raw_photo_035,pond_333
pond_05,27,268,9.36,LOW_TEMP;HIGH_PH,raw_photo_035,pond_334
pond_05,31.2,288,9.18,HIGH_PH,raw_photo_036,pond_335
pond_05,31.2,288,9.18,HIGH_PH,raw_photo_036,pond_336
pond_05,31.2,288,9.18,HIGH_PH,raw_photo_036,pond_337
pond_05,31.2,288,9.18,HIGH_PH,raw_photo_036,pond_338
pond_05,31.2,288,9.18,HIGH_PH,raw_photo_036,pond_339
pond_05,31.2,288,9.18,HIGH_PH,raw_photo_036,pond_340
pond_05,31.2,288,9.18,HIGH_PH,raw_photo_036,pond_341
pond_05,31.2,288,9.18,HIGH_PH,raw_photo_036,pond_342
pond_05,31.2,288,9.18,HIGH_PH,raw_photo_036,pond_343
pond_05,31.2,288,9.18,HIGH_PH,raw_photo_036,pond_344
pond_05,31.2,288,9.18,HIGH_PH,raw_photo_036,pond_345
pond_05,31.2,288,9.18,HIGH_PH,raw_photo_036,pond_346
pond_05,31.2,288,9.18,HIGH_PH,raw_photo_036,pond_347
pond_05,31.2,288,9.18,HIGH_PH,raw_photo_036,pond_348
pond_05,31.2,288,9.18,HIGH_PH,raw_photo_036,pond_349
pond_05,31.2,288,9.18,HIGH_PH,raw_photo_036,pond_350
pond_05,31.2,288,9.18,HIGH_PH,raw_photo_036,pond_351
pond_05,31.2,288,9.18,HIGH_PH,raw_photo_036,pond_352
pond_05,29,288,9.18,HIGH_PH,raw_photo_037,pond_353
pond_05,29,288,9.18,HIGH_PH,raw_photo_037,pond_354
pond_05,29,288,9.18,HIGH_PH,raw_photo_037,pond_355
pond_05,29,288,9.18,HIGH_PH,raw_photo_037,pond_356
pond_05,29,288,9.18,HIGH_PH,raw_photo_037,pond_357
pond_05,29,288,9.18,HIGH_PH,raw_photo_037,pond_358
pond_05,29,288,9.18,HIGH_PH,raw_photo_037,pond_359
pond_05,29,288,9.18,HIGH_PH,raw_photo_037,pond_360
pond_05,29,288,9.18,HIGH_PH,raw_photo_037,pond_361
pond_05,29,290,9.08,HIGH_PH,raw_photo_038,pond_362
pond_05,29,290,9.08,HIGH_PH,raw_photo_038,pond_363
pond_05,29,290,9.08,HIGH_PH,raw_photo_038,pond_364
pond_05,29,290,9.08,HIGH_PH,raw_photo_038,pond_365
pond_05,29,290,9.08,HIGH_PH,raw_photo_038,pond_366
pond_05,29,290,9.08,HIGH_PH,raw_photo_038,pond_367
pond_05,29,290,9.08,HIGH_PH,raw_photo_038,pond_368
pond_05,29,290,9.08,HIGH_PH,raw_photo_038,pond_369
pond_05,29,290,9.08,HIGH_PH,raw_photo_038,pond_370
pond_05,29,290,9.08,HIGH_PH,raw_photo_038,pond_371
pond_05,29,290,9.08,HIGH_PH,raw_photo_038,pond_372
pond_05,29,290,9.08,HIGH_PH,raw_photo_038,pond_373
pond_05,29,290,9.08,HIGH_PH,raw_photo_038,pond_374
pond_05,29,290,9.08,HIGH_PH,raw_photo_038,pond_375
pond_05,29,290,9.08,HIGH_PH,raw_photo_038,pond_376
pond_05,29,290,9.08,HIGH_PH,raw_photo_038,pond_377
pond_05,29,290,9.08,HIGH_PH,raw_photo_038,pond_378
pond_05,29,290,9.08,HIGH_PH,raw_photo_038,pond_379
pond_05,28.6,291,9.08,HIGH_PH,raw_photo_039,pond_380
pond_05,28.6,291,9.08,HIGH_PH,raw_photo_039,pond_381
pond_05,28.6,291,9.08,HIGH_PH,raw_photo_039,pond_382
pond_05,28.6,291,9.08,HIGH_PH,raw_photo_039,pond_383
pond_05,28.6,291,9.08,HIGH_PH,raw_photo_039,pond_384
pond_05,28.6,291,9.08,HIGH_PH,raw_photo_039,pond_385
pond_05,28.6,291,9.08,HIGH_PH,raw_photo_039,pond_386
pond_05,28.6,291,9.08,HIGH_PH,raw_photo_039,pond_387
pond_05,28.6,291,9.08,HIGH_PH,raw_photo_039,pond_388
pond_05,28.6,291,9.08,HIGH_PH,raw_photo_039,pond_389
pond_05,28.6,291,9.08,HIGH_PH,raw_photo_039,pond_390
pond_05,28.6,291,9.08,HIGH_PH,raw_photo_039,pond_391
pond_05,28.6,291,9.08,HIGH_PH,raw_photo_039,pond_392
pond_05,28.6,291,9.08,HIGH_PH,raw_photo_039,pond_393
pond_05,28.6,291,9.08,HIGH_PH,raw_photo_039,pond_394
pond_05,30,276,9.18,HIGH_PH,raw_photo_040,pond_395
pond_05,30,276,9.18,HIGH_PH,raw_photo_040,pond_396
pond_05,30,276,9.18,HIGH_PH,raw_photo_040,pond_397
pond_05,30,276,9.18,HIGH_PH,raw_photo_040,pond_398
pond_05,30,276,9.18,HIGH_PH,raw_photo_040,pond_399
pond_05,30,276,9.18,HIGH_PH,raw_photo_040,pond_400
pond_05,30,276,9.18,HIGH_PH,raw_photo_040,pond_401
pond_05,30,276,9.18,HIGH_PH,raw_photo_040,pond_402
pond_05,30,276,9.18,HIGH_PH,raw_photo_040,pond_403
pond_05,30,276,9.18,HIGH_PH,raw_photo_040,pond_404
pond_05,30,276,9.18,HIGH_PH,raw_photo_040,pond_405
pond_05,30,276,9.18,HIGH_PH,raw_photo_040,pond_406
pond_05,30,276,9.18,HIGH_PH,raw_photo_040,pond_407
pond_05,30,276,9.18,HIGH_PH,raw_photo_040,pond_408
pond_05,30,276,9.18,HIGH_PH,raw_photo_040,pond_409
pond_05,30,276,9.18,HIGH_PH,raw_photo_040,pond_410
pond_05,30,276,9.18,HIGH_PH,raw_photo_040,pond_411
pond_05,29.5,286,9.18,HIGH_PH,raw_photo_041,pond_412
pond_05,29.5,286,9.18,HIGH_PH,raw_photo_041,pond_413
pond_05,29.5,286,9.18,HIGH_PH,raw_photo_041,pond_414
pond_05,29.5,286,9.18,HIGH_PH,raw_photo_041,pond_415
pond_05,29.5,286,9.18,HIGH_PH,raw_photo_041,pond_416
pond_05,29.5,286,9.18,HIGH_PH,raw_photo_041,pond_417
pond_05,29.5,286,9.18,HIGH_PH,raw_photo_041,pond_418
pond_05,29.5,286,9.18,HIGH_PH,raw_photo_041,pond_419
pond_05,29.5,286,9.18,HIGH_PH,raw_photo_041,pond_420
pond_05,29.5,286,9.18,HIGH_PH,raw_photo_041,pond_421
pond_05,29.5,286,9.18,HIGH_PH,raw_photo_041,pond_422
pond_05,29.5,286,9.18,HIGH_PH,raw_photo_041,pond_423
pond_05,29.5,286,9.18,HIGH_PH,raw_photo_041,pond_424
pond_05,29.5,286,9.18,HIGH_PH,raw_photo_041,pond_425
pond_05,29.5,286,9.18,HIGH_PH,raw_photo_041,pond_426
pond_06,33.5,295,9.36,HIGH_PH; HIGH_TEMP,raw_photo_042,pond_427
pond_06,33.5,295,9.36,HIGH_PH; HIGH_TEMP,raw_photo_042,pond_428
pond_06,33.5,295,9.36,HIGH_PH; HIGH_TEMP,raw_photo_042,pond_429
pond_06,33.5,295,9.36,HIGH_PH; HIGH_TEMP,raw_photo_042,pond_430
pond_06,31,296,9.18,HIGH_PH,raw_photo_043,pond_431
pond_06,31,296,9.18,HIGH_PH,raw_photo_043,pond_432
pond_06,31,296,9.18,HIGH_PH,raw_photo_043,pond_433
pond_06,31,296,9.18,HIGH_PH,raw_photo_043,pond_434
pond_06,31,296,9.18,HIGH_PH,raw_photo_043,pond_435
pond_06,31,296,9.18,HIGH_PH,raw_photo_043,pond_436
pond_06,31,296,9.18,HIGH_PH,raw_photo_043,pond_437
pond_06,31,296,9.18,HIGH_PH,raw_photo_043,pond_438
pond_06,30.5,295,9.18,HIGH_PH,raw_photo_044,pond_439
pond_06,30.5,295,9.18,HIGH_PH,raw_photo_044,pond_440
pond_06,30.5,295,9.18,HIGH_PH,raw_photo_044,pond_441
pond_06,30.5,295,9.18,HIGH_PH,raw_photo_044,pond_442
pond_06,30.5,295,9.18,HIGH_PH,raw_photo_044,pond_443
pond_06,30.5,295,9.18,HIGH_PH,raw_photo_044,pond_444
pond_06,30.5,295,9.18,HIGH_PH,raw_photo_044,pond_445
pond_06,30.5,295,9.18,HIGH_PH,raw_photo_044,pond_446
pond_06,30.5,295,9.18,HIGH_PH,raw_photo_044,pond_447
pond_06,30.5,295,9.18,HIGH_PH,raw_photo_044,pond_448
pond_06,30.5,295,9.18,HIGH_PH,raw_photo_044,pond_449
pond_06,30.5,295,9.18,HIGH_PH,raw_photo_044,pond_450
pond_06,30.5,295,9.18,HIGH_PH,raw_photo_044,pond_451
pond_06,30.5,295,9.18,HIGH_PH,raw_photo_044,pond_452
pond_06,30.5,295,9.18,HIGH_PH,raw_photo_044,pond_453
pond_06,30.5,295,9.18,HIGH_PH,raw_photo_044,pond_454
pond_06,29.6,201,9.36,HIGH_PH,raw_photo_045,pond_455
pond_06,29.6,201,9.36,HIGH_PH,raw_photo_045,pond_456
pond_06,29.6,201,9.36,HIGH_PH,raw_photo_045,pond_457
pond_06,29.6,201,9.36,HIGH_PH,raw_photo_045,pond_458
pond_06,29.6,201,9.36,HIGH_PH,raw_photo_045,pond_459
pond_06,29.6,201,9.36,HIGH_PH,raw_photo_045,pond_460
pond_06,29.6,201,9.36,HIGH_PH,raw_photo_045,pond_461
pond_06,29.6,201,9.36,HIGH_PH,raw_photo_045,pond_462
pond_06,29.6,201,9.36,HIGH_PH,raw_photo_045,pond_463
pond_06,29.6,201,9.36,HIGH_PH,raw_photo_045,pond_464
pond_06,29.6,201,9.36,HIGH_PH,raw_photo_045,pond_465
pond_06,29.6,201,9.36,HIGH_PH,raw_photo_045,pond_466
pond_06,29.6,201,9.36,HIGH_PH,raw_photo_046,pond_467
pond_06,29.6,201,9.36,HIGH_PH,raw_photo_046,pond_468
pond_06,29.3,296,9.36,HIGH_PH,raw_photo_047,pond_469
pond_06,29.3,296,9.36,HIGH_PH,raw_photo_047,pond_470
pond_06,29.3,296,9.36,HIGH_PH,raw_photo_047,pond_471
pond_06,29.3,296,9.36,HIGH_PH,raw_photo_047,pond_472
pond_06,29.3,296,9.36,HIGH_PH,raw_photo_047,pond_473
pond_06,29.3,296,9.36,HIGH_PH,raw_photo_047,pond_474
pond_06,28,295,9.18,HIGH_PH,raw_photo_048,pond_475
pond_06,28,295,9.18,HIGH_PH,raw_photo_048,pond_476
pond_06,28,295,9.18,HIGH_PH,raw_photo_048,pond_477
pond_06,28,295,9.18,HIGH_PH,raw_photo_048,pond_478
pond_07,28.5,294,9.18,HIGH_PH,raw_photo_049,pond_479
pond_07,28.5,294,9.18,HIGH_PH,raw_photo_049,pond_480
pond_07,28.5,294,9.18,HIGH_PH,raw_photo_049,pond_481
pond_07,28.5,294,9.18,HIGH_PH,raw_photo_049,pond_482
pond_07,28.5,294,9.18,HIGH_PH,raw_photo_049,pond_483
pond_07,28.5,294,9.18,HIGH_PH,raw_photo_049,pond_484
pond_07,28.5,294,9.18,HIGH_PH,raw_photo_049,pond_485
pond_07,28.5,294,9.18,HIGH_PH,raw_photo_049,pond_486
pond_07,28.5,294,9.18,HIGH_PH,raw_photo_049,pond_487
pond_07,28.5,294,9.18,HIGH_PH,raw_photo_049,pond_488
pond_07,28.5,294,9.18,HIGH_PH,raw_photo_049,pond_489
pond_07,28.5,294,9.18,HIGH_PH,raw_photo_049,pond_490
pond_07,28.5,294,9.18,HIGH_PH,raw_photo_049,pond_491
pond_07,28.5,294,9.18,HIGH_PH,raw_photo_049,pond_492
pond_07,28.5,294,9.18,HIGH_PH,raw_photo_049,pond_493
pond_07,28.5,294,9.18,HIGH_PH,raw_photo_049,pond_494
pond_07,27.5,293,9.36,LOW_TEMP;HIGH_PH,raw_photo_050,pond_495
pond_07,27.5,293,9.36,LOW_TEMP;HIGH_PH,raw_photo_050,pond_496
pond_07,27.5,293,9.36,LOW_TEMP;HIGH_PH,raw_photo_050,pond_497
pond_07,27.5,293,9.36,LOW_TEMP;HIGH_PH,raw_photo_050,pond_498
pond_07,27.5,293,9.36,LOW_TEMP;HIGH_PH,raw_photo_050,pond_499
pond_07,27.5,293,9.36,LOW_TEMP;HIGH_PH,raw_photo_050,pond_500
pond_07,27.5,293,9.36,LOW_TEMP;HIGH_PH,raw_photo_050,pond_501
pond_07,27.5,293,9.36,LOW_TEMP;HIGH_PH,raw_photo_050,pond_502
pond_07,27.5,293,9.36,LOW_TEMP;HIGH_PH,raw_photo_050,pond_503
pond_07,27.5,288,9.45,LOW_TEMP;HIGH_PH,raw_photo_051,pond_504
pond_07,27.5,288,9.45,LOW_TEMP;HIGH_PH,raw_photo_051,pond_505
pond_07,27.5,288,9.45,LOW_TEMP;HIGH_PH,raw_photo_051,pond_506
pond_07,27.5,288,9.45,LOW_TEMP;HIGH_PH,raw_photo_051,pond_507
pond_07,27.5,288,9.45,LOW_TEMP;HIGH_PH,raw_photo_051,pond_508
pond_07,27.5,288,9.45,LOW_TEMP;HIGH_PH,raw_photo_051,pond_509
pond_07,27.5,288,9.45,LOW_TEMP;HIGH_PH,raw_photo_051,pond_510
pond_07,27.5,288,9.45,LOW_TEMP;HIGH_PH,raw_photo_051,pond_511
pond_07,27.5,288,9.45,LOW_TEMP;HIGH_PH,raw_photo_051,pond_512
pond_07,27.5,288,9.45,LOW_TEMP;HIGH_PH,raw_photo_051,pond_513
pond_07,27.5,295,9.36,LOW_TEMP;HIGH_PH,raw_photo_052,pond_514
pond_07,27.5,295,9.36,LOW_TEMP;HIGH_PH,raw_photo_052,pond_515
pond_07,27.5,295,9.36,LOW_TEMP;HIGH_PH,raw_photo_052,pond_516
pond_07,27.5,295,9.36,LOW_TEMP;HIGH_PH,raw_photo_052,pond_517
pond_07,27.5,295,9.36,LOW_TEMP;HIGH_PH,raw_photo_052,pond_518
pond_07,26,292,9.36,LOW_TEMP;HIGH_PH,raw_photo_051,pond_519
pond_07,26,292,9.36,LOW_TEMP;HIGH_PH,raw_photo_051,pond_520
pond_07,26,292,9.36,LOW_TEMP;HIGH_PH,raw_photo_051,pond_521
pond_07,26,292,9.36,LOW_TEMP;HIGH_PH,raw_photo_051,pond_522
pond_07,26,292,9.36,LOW_TEMP;HIGH_PH,raw_photo_051,pond_523
pond_07,26,292,9.36,LOW_TEMP;HIGH_PH,raw_photo_051,pond_524
pond_07,26,292,9.36,LOW_TEMP;HIGH_PH,raw_photo_051,pond_525
pond_07,26,292,9.36,LOW_TEMP;HIGH_PH,raw_photo_051,pond_526
pond_07,27.5,293,9.36,LOW_TEMP;HIGH_PH,raw_photo_052,pond_527
pond_07,27.5,293,9.36,LOW_TEMP;HIGH_PH,raw_photo_052,pond_528
pond_07,27.5,293,9.36,LOW_TEMP;HIGH_PH,raw_photo_052,pond_529
pond_07,27.5,293,9.36,LOW_TEMP;HIGH_PH,raw_photo_052,pond_530
pond_07,27.5,293,9.36,LOW_TEMP;HIGH_PH,raw_photo_052,pond_531
pond_07,27.5,293,9.36,LOW_TEMP;HIGH_PH,raw_photo_052,pond_532
pond_07,27.5,293,9.36,LOW_TEMP;HIGH_PH,raw_photo_052,pond_533
pond_07,27.5,293,9.36,LOW_TEMP;HIGH_PH,raw_photo_052,pond_534
pond_07,27.5,293,9.36,LOW_TEMP;HIGH_PH,raw_photo_052,pond_535
pond_07,27.5,293,9.36,LOW_TEMP;HIGH_PH,raw_photo_052,pond_536
pond_07,27.5,293,9.36,LOW_TEMP;HIGH_PH,raw_photo_052,pond_537
pond_07,27.5,293,9.36,LOW_TEMP;HIGH_PH,raw_photo_052,pond_538
pond_07,26,294,9.36,LOW_TEMP;HIGH_PH,raw_photo_053,pond_539
pond_07,26,294,9.36,LOW_TEMP;HIGH_PH,raw_photo_053,pond_540
pond_07,26,294,9.36,LOW_TEMP;HIGH_PH,raw_photo_053,pond_541
pond_07,26,294,9.36,LOW_TEMP;HIGH_PH,raw_photo_053,pond_542
pond_07,26,294,9.36,LOW_TEMP;HIGH_PH,raw_photo_053,pond_543
pond_07,26,294,9.36,LOW_TEMP;HIGH_PH,raw_photo_053,pond_544
pond_07,26,294,9.36,LOW_TEMP;HIGH_PH,raw_photo_053,pond_545
pond_07,26,294,9.36,LOW_TEMP;HIGH_PH,raw_photo_053,pond_546
pond_07,26,294,9.36,LOW_TEMP;HIGH_PH,raw_photo_053,pond_547
pond_07,26,294,9.36,LOW_TEMP;HIGH_PH,raw_photo_053,pond_548
pond_07,26,294,9.36,LOW_TEMP;HIGH_PH,raw_photo_053,pond_549
pond_07,26,294,9.36,LOW_TEMP;HIGH_PH,raw_photo_053,pond_550
pond_07,26,294,9.36,LOW_TEMP;HIGH_PH,raw_photo_053,pond_551
pond_07,26,294,9.36,LOW_TEMP;HIGH_PH,raw_photo_053,pond_552
pond_07,26,294,9.36,LOW_TEMP;HIGH_PH,raw_photo_053,pond_553
pond_07,26,294,9.36,LOW_TEMP;HIGH_PH,raw_photo_053,pond_554
pond_07,26,294,9.36,LOW_TEMP;HIGH_PH,raw_photo_053,pond_555
pond_08,31.5,285,9.18,HIGH_PH,raw_photo_054,pond_556
pond_08,31.5,285,9.18,HIGH_PH,raw_photo_054,pond_557
pond_08,31.5,285,9.18,HIGH_PH,raw_photo_054,pond_558
pond_08,31.5,285,9.18,HIGH_PH,raw_photo_054,pond_559
pond_08,31.5,285,9.18,HIGH_PH,raw_photo_054,pond_560
pond_08,31.5,285,9.18,HIGH_PH,raw_photo_054,pond_561
pond_08,31.5,285,9.18,HIGH_PH,raw_photo_054,pond_562
pond_08,31.5,285,9.18,HIGH_PH,raw_photo_054,pond_563
pond_08,31.5,285,9.18,HIGH_PH,raw_photo_054,pond_564
pond_08,31.5,285,9.18,HIGH_PH,raw_photo_054,pond_565
pond_08,31.5,285,9.18,HIGH_PH,raw_photo_054,pond_566
pond_08,31.5,285,9.18,HIGH_PH,raw_photo_054,pond_567
pond_08,31.5,285,9.18,HIGH_PH,raw_photo_054,pond_568
pond_08,29,285,9.08,HIGH_PH,raw_photo_055,pond_569
pond_08,29,285,9.08,HIGH_PH,raw_photo_055,pond_570
pond_08,29,285,9.08,HIGH_PH,raw_photo_055,pond_571
pond_08,29,285,9.08,HIGH_PH,raw_photo_055,pond_572
pond_08,29,285,9.08,HIGH_PH,raw_photo_055,pond_573
pond_08,29,285,9.08,HIGH_PH,raw_photo_055,pond_574
pond_08,29,285,9.08,HIGH_PH,raw_photo_055,pond_575
pond_08,29,285,9.08,HIGH_PH,raw_photo_055,pond_576
pond_08,29,285,9.08,HIGH_PH,raw_photo_055,pond_577
pond_08,28.5,286,9.08,HIGH_PH,raw_photo_056,pond_578
pond_08,28.5,286,9.08,HIGH_PH,raw_photo_056,pond_579
pond_08,28.5,286,9.08,HIGH_PH,raw_photo_056,pond_580
pond_08,28.5,286,9.08,HIGH_PH,raw_photo_056,pond_581
pond_08,28.5,286,9.08,HIGH_PH,raw_photo_056,pond_582
pond_08,28.5,286,9.08,HIGH_PH,raw_photo_056,pond_583
pond_08,28.5,286,9.08,HIGH_PH,raw_photo_056,pond_584
pond_08,28.5,286,9.08,HIGH_PH,raw_photo_056,pond_585
pond_08,28.5,286,9.08,HIGH_PH,raw_photo_056,pond_586
pond_08,28.5,286,9.08,HIGH_PH,raw_photo_056,pond_587
pond_08,28.5,286,9.08,HIGH_PH,raw_photo_056,pond_588
pond_08,28.5,286,9.08,HIGH_PH,raw_photo_056,pond_589
pond_08,28.5,286,9.08,HIGH_PH,raw_photo_056,pond_590
pond_08,28.5,286,9.08,HIGH_PH,raw_photo_056,pond_591
pond_08,28.5,286,9.08,HIGH_PH,raw_photo_056,pond_592
pond_08,28.5,286,9.08,HIGH_PH,raw_photo_056,pond_593
pond_08,27.5,288,9.08,HIGH_PH,raw_photo_057,pond_594
pond_08,27.5,288,9.08,HIGH_PH,raw_photo_057,pond_595
pond_08,27.5,288,9.08,HIGH_PH,raw_photo_057,pond_596
pond_08,27.5,288,9.08,HIGH_PH,raw_photo_057,pond_597
pond_08,27.5,288,9.08,HIGH_PH,raw_photo_057,pond_598
pond_08,27.5,288,9.08,HIGH_PH,raw_photo_057,pond_599
pond_08,27.5,288,9.08,HIGH_PH,raw_photo_057,pond_600
pond_08,27.5,288,9.08,HIGH_PH,raw_photo_057,pond_601
pond_08,27.5,288,9.08,HIGH_PH,raw_photo_057,pond_602
pond_08,27.5,288,9.08,HIGH_PH,raw_photo_057,pond_603
pond_08,27.5,288,9.08,HIGH_PH,raw_photo_057,pond_604
pond_08,27.5,288,9.08,HIGH_PH,raw_photo_057,pond_605
pond_08,27.5,288,9.08,HIGH_PH,raw_photo_057,pond_606
pond_08,27.5,288,9.08,HIGH_PH,raw_photo_057,pond_607
pond_08,27.5,288,9.08,HIGH_PH,raw_photo_057,pond_608
pond_08,27.5,288,9.08,HIGH_PH,raw_photo_057,pond_609
pond_08,27.5,288,9.08,HIGH_PH,raw_photo_057,pond_610
pond_08,27.5,288,9.08,HIGH_PH,raw_photo_057,pond_611
pond_08,27.5,288,9.08,HIGH_PH,raw_photo_057,pond_612
pond_08,27.5,288,9.08,HIGH_PH,raw_photo_057,pond_613
pond_08,27.5,288,9.08,HIGH_PH,raw_photo_057,pond_614
pond_08,27.5,288,9.08,HIGH_PH,raw_photo_057,pond_615
pond_08,27.5,288,9.08,HIGH_PH,raw_photo_057,pond_616
pond_08,27.5,288,9.08,HIGH_PH,raw_photo_057,pond_617
pond_08,27.5,288,9.08,HIGH_PH,raw_photo_057,pond_618
pond_08,28.5,287,9.08,HIGH_PH,raw_photo_058,pond_619
pond_08,28.5,287,9.08,HIGH_PH,raw_photo_058,pond_620
pond_08,28.5,287,9.08,HIGH_PH,raw_photo_058,pond_621
pond_08,28.5,287,9.08,HIGH_PH,raw_photo_058,pond_622
pond_08,28.5,287,9.08,HIGH_PH,raw_photo_058,pond_623
pond_08,28.5,287,9.08,HIGH_PH,raw_photo_058,pond_624
pond_08,28.5,287,9.08,HIGH_PH,raw_photo_058,pond_625
pond_08,28.5,287,9.08,HIGH_PH,raw_photo_058,pond_626
pond_08,28.5,287,9.08,HIGH_PH,raw_photo_058,pond_627
pond_08,28.5,287,9.08,HIGH_PH,raw_photo_058,pond_628
pond_08,28.5,287,9.08,HIGH_PH,raw_photo_058,pond_629
pond_08,28.5,287,9.08,HIGH_PH,raw_photo_058,pond_630
pond_08,28.5,287,9.08,HIGH_PH,raw_photo_058,pond_631
pond_08,28.5,287,9.08,HIGH_PH,raw_photo_058,pond_632
pond_08,28.5,287,9.08,HIGH_PH,raw_photo_058,pond_633
pond_08,28.5,287,9.08,HIGH_PH,raw_photo_058,pond_634
pond_08,28.5,287,9.08,HIGH_PH,raw_photo_058,pond_635
pond_08,28.5,287,9.08,HIGH_PH,raw_photo_058,pond_636
pond_08,28.5,287,9.08,HIGH_PH,raw_photo_058,pond_637
pond_08,28.5,287,9.08,HIGH_PH,raw_photo_058,pond_638
pond_08,28.5,287,9.08,HIGH_PH,raw_photo_058,pond_639
pond_08,28.5,287,9.08,HIGH_PH,raw_photo_058,pond_640
pond_08,28.5,287,9.08,HIGH_PH,raw_photo_058,pond_641
pond_08,28.5,287,9.08,HIGH_PH,raw_photo_058,pond_642
pond_08,28.5,287,9.08,HIGH_PH,raw_photo_058,pond_643
pond_08,28.5,287,9.08,HIGH_PH,raw_photo_058,pond_644
pond_08,28.5,287,9.08,HIGH_PH,raw_photo_058,pond_645
pond_08,28.5,287,9.08,HIGH_PH,raw_photo_058,pond_646
pond_08,28.5,287,9.08,HIGH_PH,raw_photo_058,pond_647
pond_08,28.5,287,9.08,HIGH_PH,raw_photo_058,pond_648
pond_08,28.5,287,9.08,HIGH_PH,raw_photo_058,pond_649
pond_08,28.5,287,9.08,HIGH_PH,raw_photo_058,pond_650
pond_08,28.5,287,9.08,HIGH_PH,raw_photo_058,pond_651
pond_08,28.5,287,9.08,HIGH_PH,raw_photo_058,pond_652
pond_08,28.5,287,9.08,HIGH_PH,raw_photo_058,pond_653
pond_08,28.5,287,9.08,HIGH_PH,raw_photo_058,pond_654
pond_08,28.5,287,9.08,HIGH_PH,raw_photo_058,pond_655
pond_08,28.5,287,9.08,HIGH_PH,raw_photo_058,pond_656
pond_08,28.5,287,9.08,HIGH_PH,raw_photo_058,pond_657
pond_08,28.5,287,9.08,HIGH_PH,raw_photo_058,pond_658
pond_08,28.5,287,9.08,HIGH_PH,raw_photo_058,pond_659
pond_08,28.5,287,9.08,HIGH_PH,raw_photo_058,pond_660
pond_08,28.5,287,9.08,HIGH_PH,raw_photo_058,pond_661
pond_08,28.5,287,9.08,HIGH_PH,raw_photo_058,pond_662
pond_08,28.5,287,9.08,HIGH_PH,raw_photo_058,pond_663
pond_08,26.6,286,9.18,LOW_TEMP;HIGH_PH,raw_photo_059,pond_664
pond_08,26.6,286,9.18,LOW_TEMP;HIGH_PH,raw_photo_059,pond_665
pond_08,26.6,286,9.18,LOW_TEMP;HIGH_PH,raw_photo_059,pond_666
pond_08,26.6,286,9.18,LOW_TEMP;HIGH_PH,raw_photo_059,pond_667
pond_08,26.6,286,9.18,LOW_TEMP;HIGH_PH,raw_photo_059,pond_668
pond_08,26.6,286,9.18,LOW_TEMP;HIGH_PH,raw_photo_059,pond_669
pond_08,26.6,286,9.18,LOW_TEMP;HIGH_PH,raw_photo_059,pond_670
pond_08,26.6,286,9.18,LOW_TEMP;HIGH_PH,raw_photo_059,pond_671
pond_08,26.6,286,9.18,LOW_TEMP;HIGH_PH,raw_photo_059,pond_672
pond_08,26.6,286,9.18,LOW_TEMP;HIGH_PH,raw_photo_059,pond_673
pond_08,26.6,286,9.18,LOW_TEMP;HIGH_PH,raw_photo_059,pond_674
pond_08,26.6,286,9.18,LOW_TEMP;HIGH_PH,raw_photo_059,pond_675
pond_08,26.6,286,9.18,LOW_TEMP;HIGH_PH,raw_photo_059,pond_676
pond_08,26.6,286,9.18,LOW_TEMP;HIGH_PH,raw_photo_059,pond_677
pond_08,26.6,286,9.18,LOW_TEMP;HIGH_PH,raw_photo_059,pond_678
pond_08,26.6,286,9.18,LOW_TEMP;HIGH_PH,raw_photo_059,pond_679
pond_08,26.6,286,9.18,LOW_TEMP;HIGH_PH,raw_photo_059,pond_680
pond_08,26.6,286,9.18,LOW_TEMP;HIGH_PH,raw_photo_059,pond_681
pond_08,26.6,286,9.18,LOW_TEMP;HIGH_PH,raw_photo_059,pond_682
pond_08,26.6,286,9.18,LOW_TEMP;HIGH_PH,raw_photo_059,pond_683
pond_08,26.6,286,9.18,LOW_TEMP;HIGH_PH,raw_photo_059,pond_684
pond_08,26.6,286,9.18,LOW_TEMP;HIGH_PH,raw_photo_059,pond_685
pond_08,26.6,286,9.18,LOW_TEMP;HIGH_PH,raw_photo_059,pond_686
pond_08,26.6,286,9.18,LOW_TEMP;HIGH_PH,raw_photo_059,pond_687
pond_08,26.6,286,9.18,LOW_TEMP;HIGH_PH,raw_photo_059,pond_688
pond_08,26.6,286,9.18,LOW_TEMP;HIGH_PH,raw_photo_059,pond_689
pond_08,26.6,286,9.18,LOW_TEMP;HIGH_PH,raw_photo_059,pond_690
pond_08,26.6,286,9.18,LOW_TEMP;HIGH_PH,raw_photo_060,pond_691
pond_08,26.6,286,9.18,LOW_TEMP;HIGH_PH,raw_photo_060,pond_692
pond_08,26.6,286,9.18,LOW_TEMP;HIGH_PH,raw_photo_060,pond_693
pond_08,26.6,286,9.18,LOW_TEMP;HIGH_PH,raw_photo_060,pond_694
pond_08,26.6,286,9.18,LOW_TEMP;HIGH_PH,raw_photo_060,pond_695
pond_08,26.6,286,9.18,LOW_TEMP;HIGH_PH,raw_photo_060,pond_696
pond_08,26.6,286,9.18,LOW_TEMP;HIGH_PH,raw_photo_060,pond_697
pond_08,26.6,286,9.18,LOW_TEMP;HIGH_PH,raw_photo_060,pond_698
pond_09,31,283,9.36,HIGH_PH,raw_photo_061,pond_699
pond_09,31,283,9.36,HIGH_PH,raw_photo_061,pond_700
pond_09,31,283,9.36,HIGH_PH,raw_photo_061,pond_701
pond_09,31,283,9.36,HIGH_PH,raw_photo_061,pond_702
pond_09,31,283,9.36,HIGH_PH,raw_photo_061,pond_703
pond_09,31,283,9.36,HIGH_PH,raw_photo_061,pond_704
pond_09,31,283,9.36,HIGH_PH,raw_photo_061,pond_705
pond_09,31,283,9.36,HIGH_PH,raw_photo_061,pond_706
pond_09,31,283,9.36,HIGH_PH,raw_photo_061,pond_707
pond_09,31,283,9.36,HIGH_PH,raw_photo_061,pond_708
pond_09,31,283,9.36,HIGH_PH,raw_photo_061,pond_709
pond_09,31,283,9.36,HIGH_PH,raw_photo_061,pond_710
pond_09,29,294,9.18,HIGH_PH,raw_photo_062,pond_711
pond_09,29,294,9.18,HIGH_PH,raw_photo_062,pond_712
pond_09,29,294,9.18,HIGH_PH,raw_photo_062,pond_713
pond_09,29,294,9.18,HIGH_PH,raw_photo_062,pond_714
pond_09,29,294,9.18,HIGH_PH,raw_photo_062,pond_715
pond_09,29,294,9.18,HIGH_PH,raw_photo_062,pond_716
pond_09,29,294,9.18,HIGH_PH,raw_photo_062,pond_717
pond_09,29,294,9.18,HIGH_PH,raw_photo_062,pond_718
pond_09,29,294,9.18,HIGH_PH,raw_photo_062,pond_719
pond_09,29,294,9.18,HIGH_PH,raw_photo_062,pond_720
pond_09,29,294,9.18,HIGH_PH,raw_photo_062,pond_721
pond_09,29,294,9.18,HIGH_PH,raw_photo_062,pond_722
pond_09,28,294,8.18,OPTIMUM,raw_photo_063,pond_723
pond_09,28,294,8.18,OPTIMUM,raw_photo_063,pond_724
pond_09,28,294,8.18,OPTIMUM,raw_photo_063,pond_725
pond_09,28,294,8.18,OPTIMUM,raw_photo_063,pond_726
pond_09,28,294,8.18,OPTIMUM,raw_photo_063,pond_727
pond_09,28,294,8.18,OPTIMUM,raw_photo_063,pond_728
pond_09,28,294,8.18,OPTIMUM,raw_photo_063,pond_729
pond_09,28,294,8.18,OPTIMUM,raw_photo_063,pond_730
pond_09,27,296,9.18,LOW_TEMP;HIGH_PH,raw_photo_064,pond_731
pond_09,27,296,9.18,LOW_TEMP;HIGH_PH,raw_photo_064,pond_732
pond_09,27,296,9.18,LOW_TEMP;HIGH_PH,raw_photo_064,pond_733
pond_09,27,296,9.18,LOW_TEMP;HIGH_PH,raw_photo_064,pond_734
pond_09,27,296,9.18,LOW_TEMP;HIGH_PH,raw_photo_064,pond_735
pond_09,27,296,9.18,LOW_TEMP;HIGH_PH,raw_photo_064,pond_736
pond_09,27,296,9.18,LOW_TEMP;HIGH_PH,raw_photo_064,pond_737
pond_09,27,296,9.18,LOW_TEMP;HIGH_PH,raw_photo_064,pond_738
pond_09,27,296,9.18,LOW_TEMP;HIGH_PH,raw_photo_064,pond_739
pond_09,27,296,9.18,LOW_TEMP;HIGH_PH,raw_photo_064,pond_740
pond_09,27,296,9.18,LOW_TEMP;HIGH_PH,raw_photo_064,pond_741
pond_09,27,296,9.18,LOW_TEMP;HIGH_PH,raw_photo_064,pond_742
pond_09,27,296,9.18,LOW_TEMP;HIGH_PH,raw_photo_064,pond_743
pond_09,27,296,9.18,LOW_TEMP;HIGH_PH,raw_photo_064,pond_744
pond_09,28.5,296,9.18,HIGH_PH,raw_photo_065,pond_745
pond_09,28.5,296,9.18,HIGH_PH,raw_photo_065,pond_746
pond_09,28.5,296,9.18,HIGH_PH,raw_photo_065,pond_747
pond_09,28.5,296,9.18,HIGH_PH,raw_photo_065,pond_748
pond_09,28.5,296,9.18,HIGH_PH,raw_photo_065,pond_749
pond_09,28.5,296,9.18,HIGH_PH,raw_photo_065,pond_750
pond_09,28.5,296,9.18,HIGH_PH,raw_photo_065,pond_751
pond_09,28.5,296,9.18,HIGH_PH,raw_photo_065,pond_752
pond_09,28.5,296,9.18,HIGH_PH,raw_photo_065,pond_753
pond_09,28.5,296,9.18,HIGH_PH,raw_photo_065,pond_754
pond_09,28.5,296,9.18,HIGH_PH,raw_photo_065,pond_755
pond_09,28.5,296,9.18,HIGH_PH,raw_photo_065,pond_756
pond_09,28.5,296,9.18,HIGH_PH,raw_photo_065,pond_757
pond_09,28.5,296,9.18,HIGH_PH,raw_photo_065,pond_758
pond_09,28.5,296,9.18,HIGH_PH,raw_photo_065,pond_759
pond_09,28.5,296,9.18,HIGH_PH,raw_photo_065,pond_760
pond_09,28.5,296,9.18,HIGH_PH,raw_photo_065,pond_761
pond_09,28.5,296,9.18,HIGH_PH,raw_photo_065,pond_762
pond_09,28.5,296,9.18,HIGH_PH,raw_photo_065,pond_763
pond_09,28.5,296,9.18,HIGH_PH,raw_photo_065,pond_764
pond_09,27,293,9.18,LOW_TEMP;HIGH_PH,raw_photo_066,pond_765
pond_09,27,293,9.18,LOW_TEMP;HIGH_PH,raw_photo_066,pond_766
pond_09,27,293,9.18,LOW_TEMP;HIGH_PH,raw_photo_066,pond_767
pond_09,27,293,9.18,LOW_TEMP;HIGH_PH,raw_photo_066,pond_768
pond_09,27,293,9.18,LOW_TEMP;HIGH_PH,raw_photo_066,pond_769
pond_09,27,293,9.18,LOW_TEMP;HIGH_PH,raw_photo_066,pond_770
pond_09,27,293,9.18,LOW_TEMP;HIGH_PH,raw_photo_066,pond_771
pond_09,27,293,9.18,LOW_TEMP;HIGH_PH,raw_photo_066,pond_772
pond_09,27,293,9.18,LOW_TEMP;HIGH_PH,raw_photo_066,pond_773
pond_09,28.5,293,9.18,HIGH_PH,raw_photo_067,pond_774
pond_09,28.5,293,9.18,HIGH_PH,raw_photo_067,pond_775
pond_09,28.5,293,9.18,HIGH_PH,raw_photo_067,pond_776
pond_09,28.5,293,9.18,HIGH_PH,raw_photo_067,pond_777
pond_09,28.5,293,9.18,HIGH_PH,raw_photo_067,pond_778
pond_09,28.5,293,9.18,HIGH_PH,raw_photo_067,pond_779
pond_09,28.5,293,9.18,HIGH_PH,raw_photo_067,pond_780
pond_09,28.5,293,9.18,HIGH_PH,raw_photo_067,pond_781
pond_09,28.5,293,9.18,HIGH_PH,raw_photo_067,pond_782
pond_09,28.5,293,9.18,HIGH_PH,raw_photo_067,pond_783
pond_10,29.3,294,9.36,HIGH_PH,raw_photo_068,pond_784
pond_10,29.3,294,9.36,HIGH_PH,raw_photo_068,pond_785
pond_10,29.3,294,9.36,HIGH_PH,raw_photo_068,pond_786
pond_10,29.3,294,9.36,HIGH_PH,raw_photo_068,pond_787
pond_10,28.5,293,9.08,HIGH_PH,raw_photo_069,pond_788
pond_10,28.5,293,9.08,HIGH_PH,raw_photo_069,pond_789
pond_10,28.5,293,9.08,HIGH_PH,raw_photo_069,pond_790
pond_10,28.5,293,9.08,HIGH_PH,raw_photo_069,pond_791
pond_10,28.5,293,9.08,HIGH_PH,raw_photo_069,pond_792
pond_10,28.5,293,9.08,HIGH_PH,raw_photo_069,pond_793
pond_10,28.5,293,9.08,HIGH_PH,raw_photo_069,pond_794
pond_10,27,293,9.18,LOW_TEMP;HIGH_PH,raw_photo_070,pond_795
pond_10,27,293,9.18,LOW_TEMP;HIGH_PH,raw_photo_070,pond_796
pond_10,27,293,9.18,LOW_TEMP;HIGH_PH,raw_photo_070,pond_797
pond_10,27,293,9.18,LOW_TEMP;HIGH_PH,raw_photo_070,pond_798
pond_10,27,293,9.18,LOW_TEMP;HIGH_PH,raw_photo_070,pond_799
pond_10,28.5,295,9.08,HIGH_PH,raw_photo_071,pond_800
pond_10,28.5,295,9.08,HIGH_PH,raw_photo_071,pond_801
pond_10,28.5,295,9.08,HIGH_PH,raw_photo_071,pond_802
pond_10,28.5,295,9.08,HIGH_PH,raw_photo_071,pond_803
pond_10,28.5,295,9.08,HIGH_PH,raw_photo_071,pond_804
pond_10,28.5,295,9.08,HIGH_PH,raw_photo_071,pond_805
pond_10,28.5,295,9.08,HIGH_PH,raw_photo_071,pond_806
pond_10,28.5,295,9.08,HIGH_PH,raw_photo_071,pond_807
pond_10,28.5,295,9.18,HIGH_PH,raw_photo_072,pond_808
pond_10,28.5,295,9.18,HIGH_PH,raw_photo_072,pond_809
pond_10,28.5,295,9.18,HIGH_PH,raw_photo_072,pond_810
pond_10,28.5,295,9.18,HIGH_PH,raw_photo_072,pond_811
pond_10,28.5,295,9.18,HIGH_PH,raw_photo_072,pond_812
pond_10,28.5,295,9.18,HIGH_PH,raw_photo_072,pond_813
pond_10,28.5,295,9.18,HIGH_PH,raw_photo_072,pond_814
pond_10,28.5,295,9.18,HIGH_PH,raw_photo_072,pond_815
pond_10,28,293,9.18,HIGH_PH,raw_photo_073,pond_816
pond_10,28,293,9.18,HIGH_PH,raw_photo_073,pond_817
pond_10,28,293,9.18,HIGH_PH,raw_photo_073,pond_818
pond_10,28,293,9.18,HIGH_PH,raw_photo_073,pond_819
pond_10,28,293,9.18,HIGH_PH,raw_photo_073,pond_820
pond_10,28,293,9.18,HIGH_PH,raw_photo_073,pond_821
pond_10,28,293,9.18,HIGH_PH,raw_photo_073,pond_822
pond_10,28,295,8.88,OPTIMUM,raw_photo_074,pond_823
pond_10,28,295,8.88,OPTIMUM,raw_photo_074,pond_824
pond_10,28,295,8.88,OPTIMUM,raw_photo_074,pond_825
pond_10,28,295,8.88,OPTIMUM,raw_photo_074,pond_826
pond_10,28,295,8.88,OPTIMUM,raw_photo_074,pond_827
pond_10,28,295,8.88,OPTIMUM,raw_photo_074,pond_828
pond_10,28,295,8.88,OPTIMUM,raw_photo_074,pond_829
pond_10,28,295,8.88,OPTIMUM,raw_photo_074,pond_830
pond_11,29.3,285,9.18,HIGH_PH,raw_photo_077,pond_831
pond_11,29.3,285,9.18,HIGH_PH,raw_photo_077,pond_832
pond_11,29.3,285,9.18,HIGH_PH,raw_photo_077,pond_833
pond_11,29.3,285,9.18,HIGH_PH,raw_photo_077,pond_834
pond_11,29.3,285,9.18,HIGH_PH,raw_photo_077,pond_835
pond_11,29.3,285,9.18,HIGH_PH,raw_photo_077,pond_836
pond_11,29.3,285,9.18,HIGH_PH,raw_photo_077,pond_837
pond_11,29,281,9.18,HIGH_PH,raw_photo_078,pond_838
pond_11,29,281,9.18,HIGH_PH,raw_photo_078,pond_839
pond_11,29,281,9.18,HIGH_PH,raw_photo_078,pond_840
pond_11,29,281,9.18,HIGH_PH,raw_photo_078,pond_841
pond_11,29,281,9.18,HIGH_PH,raw_photo_078,pond_842
pond_11,29,281,9.18,HIGH_PH,raw_photo_078,pond_843
pond_11,29,281,9.18,HIGH_PH,raw_photo_078,pond_844
pond_11,29,281,9.18,HIGH_PH,raw_photo_078,pond_845
pond_11,29,281,9.18,HIGH_PH,raw_photo_078,pond_846
pond_11,25.5,284,9.18,LOW_TEMP;HIGH_PH,raw_photo_079,pond_847
pond_11,25.5,284,9.18,LOW_TEMP;HIGH_PH,raw_photo_079,pond_848
pond_11,25.5,284,9.18,LOW_TEMP;HIGH_PH,raw_photo_079,pond_849
pond_11,25.5,284,9.18,LOW_TEMP;HIGH_PH,raw_photo_079,pond_850
pond_11,25.5,284,9.18,LOW_TEMP;HIGH_PH,raw_photo_079,pond_851
pond_11,25.5,284,9.18,LOW_TEMP;HIGH_PH,raw_photo_079,pond_852
pond_11,25.5,284,9.18,LOW_TEMP;HIGH_PH,raw_photo_079,pond_853
pond_11,25.5,284,9.18,LOW_TEMP;HIGH_PH,raw_photo_079,pond_854
pond_11,25.5,284,9.18,LOW_TEMP;HIGH_PH,raw_photo_079,pond_855
pond_11,25.5,288,9.18,LOW_TEMP;HIGH_PH,raw_photo_080,pond_856
pond_11,25.5,288,9.18,LOW_TEMP;HIGH_PH,raw_photo_080,pond_857
pond_11,25.5,288,9.18,LOW_TEMP;HIGH_PH,raw_photo_080,pond_858
pond_11,25.5,288,9.18,LOW_TEMP;HIGH_PH,raw_photo_080,pond_859
pond_11,25.5,288,9.18,LOW_TEMP;HIGH_PH,raw_photo_080,pond_860
pond_11,25.5,288,9.18,LOW_TEMP;HIGH_PH,raw_photo_080,pond_861
pond_11,25.5,288,9.18,LOW_TEMP;HIGH_PH,raw_photo_080,pond_862
pond_11,25.5,288,9.18,LOW_TEMP;HIGH_PH,raw_photo_080,pond_863
pond_11,25.5,288,9.18,LOW_TEMP;HIGH_PH,raw_photo_080,pond_864
pond_11,26.6,285,9.18,LOW_TEMP;HIGH_PH,raw_photo_081,pond_865
pond_11,26.6,285,9.18,LOW_TEMP;HIGH_PH,raw_photo_081,pond_866
pond_11,26.6,285,9.18,LOW_TEMP;HIGH_PH,raw_photo_081,pond_867
pond_11,26.6,285,9.18,LOW_TEMP;HIGH_PH,raw_photo_081,pond_868
pond_11,26.6,285,9.18,LOW_TEMP;HIGH_PH,raw_photo_081,pond_869
pond_11,26.6,285,9.18,LOW_TEMP;HIGH_PH,raw_photo_081,pond_870
pond_11,25.5,284,9.08,LOW_TEMP;HIGH_PH,raw_photo_082,pond_871
pond_11,25.5,284,9.08,LOW_TEMP;HIGH_PH,raw_photo_082,pond_872
pond_11,25.5,284,9.08,LOW_TEMP;HIGH_PH,raw_photo_082,pond_873
pond_11,25.5,284,9.08,LOW_TEMP;HIGH_PH,raw_photo_082,pond_874
pond_11,25.5,284,9.08,LOW_TEMP;HIGH_PH,raw_photo_082,pond_875
pond_11,25.5,284,9.08,LOW_TEMP;HIGH_PH,raw_photo_082,pond_876
pond_11,25.5,284,9.08,LOW_TEMP;HIGH_PH,raw_photo_082,pond_877
pond_11,25.5,284,9.08,LOW_TEMP;HIGH_PH,raw_photo_082,pond_878
pond_11,26.3,285,9.08,LOW_TEMP;HIGH_PH,raw_photo_083,pond_879
pond_11,26.3,285,9.08,LOW_TEMP;HIGH_PH,raw_photo_083,pond_880
pond_11,26.3,285,9.08,LOW_TEMP;HIGH_PH,raw_photo_083,pond_881
pond_11,26.3,285,9.08,LOW_TEMP;HIGH_PH,raw_photo_083,pond_882
pond_11,26.3,285,9.08,LOW_TEMP;HIGH_PH,raw_photo_083,pond_883
pond_11,26.3,285,9.08,LOW_TEMP;HIGH_PH,raw_photo_083,pond_884
pond_11,26.3,285,9.08,LOW_TEMP;HIGH_PH,raw_photo_083,pond_885
pond_12,29,294,9.45,HIGH_PH,raw_photo_084,pond_886
pond_12,29,294,9.45,HIGH_PH,raw_photo_084,pond_887
pond_12,29,294,9.45,HIGH_PH,raw_photo_084,pond_888
pond_12,29,294,9.45,HIGH_PH,raw_photo_084,pond_889
pond_12,29,294,9.45,HIGH_PH,raw_photo_084,pond_890
pond_12,28,294,9.36,HIGH_PH,raw_photo_085,pond_891
pond_12,28,294,9.36,HIGH_PH,raw_photo_085,pond_892
pond_12,28,294,9.36,HIGH_PH,raw_photo_085,pond_893
pond_12,28,294,9.36,HIGH_PH,raw_photo_085,pond_894
pond_12,28,294,9.36,HIGH_PH,raw_photo_085,pond_895
pond_12,27,295,9.18,LOW_TEMP;HIGH_PH,raw_photo_086,pond_896
pond_12,27,295,9.18,LOW_TEMP;HIGH_PH,raw_photo_086,pond_897
pond_12,27,295,9.18,LOW_TEMP;HIGH_PH,raw_photo_086,pond_898
pond_12,27,295,9.18,LOW_TEMP;HIGH_PH,raw_photo_086,pond_899
pond_12,27,295,9.18,LOW_TEMP;HIGH_PH,raw_photo_086,pond_900
pond_12,27,295,9.18,LOW_TEMP;HIGH_PH,raw_photo_086,pond_901
pond_12,28,204,9.18,HIGH_PH,raw_photo_087,pond_902
pond_12,28,204,9.18,HIGH_PH,raw_photo_087,pond_903
pond_12,28,204,9.18,HIGH_PH,raw_photo_087,pond_904
pond_12,28,204,9.18,HIGH_PH,raw_photo_087,pond_905
pond_12,28,204,9.18,HIGH_PH,raw_photo_087,pond_906
pond_12,26,204,9.18,LOW_TEMP;HIGH_PH,raw_photo_088,pond_907
pond_12,26,204,9.18,LOW_TEMP;HIGH_PH,raw_photo_088,pond_908
pond_12,26,204,9.18,LOW_TEMP;HIGH_PH,raw_photo_088,pond_909
pond_12,28.5,293,9.18,HIGH_PH,raw_photo_089,pond_910
pond_12,28.5,293,9.18,HIGH_PH,raw_photo_089,pond_911
pond_12,28.5,293,9.18,HIGH_PH,raw_photo_089,pond_912
pond_12,28.5,293,9.18,HIGH_PH,raw_photo_089,pond_913
pond_12,28.5,293,9.18,HIGH_PH,raw_photo_089,pond_914
pond_12,28.5,293,9.18,HIGH_PH,raw_photo_090,pond_915
pond_12,28.5,293,9.18,HIGH_PH,raw_photo_090,pond_916
pond_12,28.5,293,9.18,HIGH_PH,raw_photo_090,pond_917
pond_12,28.5,293,9.18,HIGH_PH,raw_photo_090,pond_918
pond_12,28.5,293,9.18,HIGH_PH,raw_photo_090,pond_919
pond_12,28.5,293,9.18,HIGH_PH,raw_photo_090,pond_920
pond_12,28.5,293,9.18,HIGH_PH,raw_photo_090,pond_921
pond_13,28.5,297,9.45,HIGH_PH,raw_photo_091,pond_922
pond_13,28.5,297,9.45,HIGH_PH,raw_photo_091,pond_923
pond_13,28.5,297,9.45,HIGH_PH,raw_photo_091,pond_924
pond_13,28.5,297,9.45,HIGH_PH,raw_photo_091,pond_925
pond_13,28.5,297,9.45,HIGH_PH,raw_photo_092,pond_926
pond_13,28.5,297,9.45,HIGH_PH,raw_photo_092,pond_927
pond_13,28.5,297,9.45,HIGH_PH,raw_photo_092,pond_928
pond_13,28.5,297,9.45,HIGH_PH,raw_photo_092,pond_929
pond_13,28.5,297,9.45,HIGH_PH,raw_photo_092,pond_930
pond_13,26,296,9.45,LOW_TEMP;HIGH_PH,raw_photo_093,pond_931
pond_13,26,296,9.45,LOW_TEMP;HIGH_PH,raw_photo_093,pond_932
pond_13,26,296,9.45,LOW_TEMP;HIGH_PH,raw_photo_093,pond_933
pond_13,26,296,9.45,LOW_TEMP;HIGH_PH,raw_photo_093,pond_934
pond_13,26,296,9.45,LOW_TEMP;HIGH_PH,raw_photo_093,pond_935
pond_13,26,296,9.45,LOW_TEMP;HIGH_PH,raw_photo_093,pond_936
pond_13,26,296,9.45,LOW_TEMP;HIGH_PH,raw_photo_093,pond_937
pond_13,26,296,9.45,LOW_TEMP;HIGH_PH,raw_photo_093,pond_938
pond_13,27.5,202,9.45,LOW_TEMP;HIGH_PH,raw_photo_094,pond_939
pond_13,27.5,202,9.45,LOW_TEMP;HIGH_PH,raw_photo_094,pond_940
pond_13,27.5,202,9.45,LOW_TEMP;HIGH_PH,raw_photo_094,pond_941
pond_13,27.5,202,9.45,LOW_TEMP;HIGH_PH,raw_photo_094,pond_942
pond_13,27.5,202,9.45,LOW_TEMP;HIGH_PH,raw_photo_094,pond_943
pond_13,27.5,202,9.45,LOW_TEMP;HIGH_PH,raw_photo_094,pond_944
pond_13,27.5,202,9.45,LOW_TEMP;HIGH_PH,raw_photo_094,pond_945
pond_13,27.5,202,9.45,LOW_TEMP;HIGH_PH,raw_photo_094,pond_946
pond_13,28.5,201,9.36,HIGH_PH,raw_photo_095,pond_947
pond_13,28.5,201,9.36,HIGH_PH,raw_photo_095,pond_948
pond_13,28.5,201,9.36,HIGH_PH,raw_photo_095,pond_949
pond_13,28.5,201,9.36,HIGH_PH,raw_photo_095,pond_950
pond_13,28.5,201,9.36,HIGH_PH,raw_photo_095,pond_951
pond_13,28.5,201,9.36,HIGH_PH,raw_photo_095,pond_952
pond_13,28.5,201,9.36,HIGH_PH,raw_photo_095,pond_953
pond_13,28.5,201,9.36,HIGH_PH,raw_photo_095,pond_954
pond_13,28.5,201,9.36,HIGH_PH,raw_photo_095,pond_955
pond_13,28.5,201,9.36,HIGH_PH,raw_photo_095,pond_956
pond_13,28.5,201,9.36,HIGH_PH,raw_photo_095,pond_957
pond_13,27,297,9.36,LOW_TEMP;HIGH_PH,raw_photo_096,pond_958
pond_13,27,297,9.36,LOW_TEMP;HIGH_PH,raw_photo_096,pond_959
pond_13,27,297,9.36,LOW_TEMP;HIGH_PH,raw_photo_096,pond_960
pond_13,27,297,9.36,LOW_TEMP;HIGH_PH,raw_photo_096,pond_961
pond_13,27,297,9.36,LOW_TEMP;HIGH_PH,raw_photo_096,pond_962
pond_13,27,297,9.36,LOW_TEMP;HIGH_PH,raw_photo_096,pond_963
pond_13,27,297,9.36,LOW_TEMP;HIGH_PH,raw_photo_096,pond_964
pond_13,27,297,9.36,LOW_TEMP;HIGH_PH,raw_photo_096,pond_965
pond_13,27,296,9.36,LOW_TEMP;HIGH_PH,raw_photo_097,pond_966
pond_13,27,296,9.36,LOW_TEMP;HIGH_PH,raw_photo_097,pond_967
pond_13,27,296,9.36,LOW_TEMP;HIGH_PH,raw_photo_097,pond_968
pond_13,27,296,9.36,LOW_TEMP;HIGH_PH,raw_photo_097,pond_969
pond_13,27,296,9.36,LOW_TEMP;HIGH_PH,raw_photo_097,pond_970
pond_13,27,296,9.36,LOW_TEMP;HIGH_PH,raw_photo_097,pond_971
pond_13,27,296,9.36,LOW_TEMP;HIGH_PH,raw_photo_097,pond_972
pond_13,27,296,9.36,LOW_TEMP;HIGH_PH,raw_photo_097,pond_973
pond_13,27,296,9.36,LOW_TEMP;HIGH_PH,raw_photo_097,pond_974
pond_13,27,296,9.36,LOW_TEMP;HIGH_PH,raw_photo_097,pond_975
pond_14,26.8,260,7.97,LOW_TEMP,raw_photo_098,pond_976
pond_14,26.9,261,7.88,LOW_TEMP,raw_photo_098,pond_977
pond_14,26.5,261,8.06,LOW_TEMP,raw_photo_098,pond_978
pond_14,26.9,261,7.88,LOW_TEMP,raw_photo_098,pond_979
pond_14,26.7,261,7.97,LOW_TEMP,raw_photo_098,pond_980
pond_14,26.8,255,7.97,LOW_TEMP,raw_photo_098,pond_981
pond_14,26.6,261,9.18,LOW_TEMP,raw_photo_098,pond_982
pond_15,26.5,250,8.25,LOW_TEMP,raw_photo_099,pond_983
pond_15,26.7,250,8.34,LOW_TEMP,raw_photo_099,pond_984
pond_15,27.1,250,8.62,LOW_TEMP,raw_photo_099,pond_985
pond_15,27.6,252,8.43,LOW_TEMP,raw_photo_099,pond_986
pond_15,28,252,8.53,OPTIMUM,raw_photo_099,pond_987
pond_15,27,252,8.71,LOW_TEMP,raw_photo_099,pond_988
pond_15,28.5,254,8.43,OPTIMUM,raw_photo_099,pond_989
pond_16,29.3,281,6.86,LOW_PH,raw_photo_100,pond_990
pond_16,30.5,282,7.13,OPTIMUM,raw_photo_100,pond_991
pond_16,29.6,280,7.5,OPTIMUM,raw_photo_100,pond_992
pond_16,27.4,282,7.32,LOW_TEMP,raw_photo_100,pond_993
pond_16,28.5,279,7.32,OPTIMUM,raw_photo_100,pond_994
pond_17,27.9,273,8.34,LOW_TEMP,raw_photo_101,pond_995
pond_17,28.5,274,8.34,OPTIMUM,raw_photo_101,pond_996
pond_17,28.8,276,8.43,OPTIMUM,raw_photo_101,pond_997
pond_17,29.2,279,8.43,OPTIMUM,raw_photo_101,pond_998
pond_17,29.2,276,9.01,HIGH_PH,raw_photo_101,pond_999
pond_18,29.1,268,8.71,OPTIMUM,raw_photo_102,pond_1000
pond_18,29.2,266,8.53,OPTIMUM,raw_photo_102,pond_1001
pond_18,29.2,267,8.43,OPTIMUM,raw_photo_102,pond_1002
pond_18,29.3,267,8.71,OPTIMUM,raw_photo_102,pond_1003
pond_18,29.2,266,8.62,OPTIMUM,raw_photo_102,pond_1004
pond_18,29.2,264,8.53,OPTIMUM,raw_photo_102,pond_1005
pond_18,29.3,267,8.9,OPTIMUM,raw_photo_102,pond_1006
pond_19,29,259,8.8,OPTIMUM,raw_photo_103,pond_1007
pond_19,29.3,259,8.99,OPTIMUM,raw_photo_103,pond_1008
pond_19,29.2,262,8.9,OPTIMUM,raw_photo_103,pond_1009
pond_19,29.2,261,8.9,OPTIMUM,raw_photo_103,pond_1010
pond_19,29.3,261,8.9,OPTIMUM,raw_photo_103,pond_1011
pond_19,29.5,260,8.99,OPTIMUM,raw_photo_103,pond_1012
pond_19,29.4,263,8.99,OPTIMUM,raw_photo_103,pond_1013
pond_20,30.9,297,7.97,OPTIMUM,raw_photo_104,pond_1014
pond_20,30.5,293,7.88,OPTIMUM,raw_photo_104,pond_1015
pond_20,29.9,286,8.06,OPTIMUM,raw_photo_104,pond_1016
pond_20,29.9,288,8.06,OPTIMUM,raw_photo_104,pond_1017
pond_20,30.2,292,7.78,OPTIMUM,raw_photo_104,pond_1018
pond_21,30.2,278,6.8,LOW_PH,raw_photo_105,pond_1019
pond_21,30.2,254,8.71,OPTIMUM,raw_photo_105,pond_1020
pond_21,30,277,8.8,OPTIMUM,raw_photo_105,pond_1021
pond_21,30.1,277,8.8,OPTIMUM,raw_photo_105,pond_1022
pond_21,30.1,277,8.9,OPTIMUM,raw_photo_105,pond_1023
